{
  "main": {
    "id": "0a8ab57b5f262995",
    "type": "split",
    "children": [
      {
        "id": "fc103de109a68864",
        "type": "tabs",
        "children": [
          {
            "id": "44eb3abf1759812e",
            "type": "leaf",
            "state": {
              "type": "markdown",
              "state": {
                "file": "TEMPLATES FOLDER/other templates/assignments.md",
                "mode": "preview",
                "source": false
              },
              "icon": "lucide-file",
              "title": "assignments"
            },
            "group": "e0f83de4945edf3a"
          }
        ]
      },
      {
        "id": "1728d00b13a4e4a3",
        "type": "tabs",
        "children": [
          {
            "id": "3053e03f9a4d2338",
            "type": "leaf",
            "state": {
              "type": "localgraph",
              "state": {
                "file": "TEMPLATES FOLDER/other templates/assignments.md",
                "options": {
                  "collapse-filter": true,
                  "search": "",
                  "localJumps": 1,
                  "localBacklinks": true,
                  "localForelinks": true,
                  "localInterlinks": true,
                  "showTags": true,
                  "showAttachments": true,
                  "hideUnresolved": false,
                  "collapse-color-groups": true,
                  "colorGroups": [],
                  "collapse-display": true,
                  "showArrow": true,
                  "textFadeMultiplier": 2,
                  "nodeSizeMultiplier": 2.75726154384328,
                  "lineSizeMultiplier": 3.15007287779851,
                  "collapse-forces": true,
                  "centerStrength": 0.781366604477612,
                  "repelStrength": 15.6570662313433,
                  "linkStrength": 0.855643656716418,
                  "linkDistance": 393,
                  "scale": 1,
                  "close": false
                }
              },
              "icon": "lucide-git-fork",
              "title": "Graph view"
            },
            "group": "e0f83de4945edf3a"
          }
        ]
      }
    ],
    "direction": "vertical"
  },
  "left": {
    "id": "4f59a9ca87014374",
    "type": "mobile-drawer",
    "children": [
      {
        "id": "24e1cdadc552d04d",
        "type": "leaf",
        "state": {
          "type": "file-explorer",
          "state": {
            "sortOrder": "alphabetical",
            "autoReveal": false
          },
          "icon": "lucide-folder-closed",
          "title": "Files"
        }
      },
      {
        "id": "8db76cdc80631068",
        "type": "leaf",
        "state": {
          "type": "search",
          "state": {
            "query": "",
            "matchingCase": false,
            "explainSearch": false,
            "collapseAll": false,
            "extraContext": false,
            "sortOrder": "alphabetical"
          },
          "icon": "lucide-search",
          "title": "Search"
        }
      },
      {
        "id": "3a80e8e65c3abe49",
        "type": "leaf",
        "state": {
          "type": "tag",
          "state": {
            "sortOrder": "frequency",
            "useHierarchy": true,
            "showSearch": false,
            "searchQuery": ""
          },
          "icon": "lucide-tags",
          "title": "Tags"
        }
      },
      {
        "id": "b7f3e39af09c41c1",
        "type": "leaf",
        "state": {
          "type": "bookmarks",
          "state": {},
          "icon": "lucide-bookmark",
          "title": "Bookmarks"
        }
      }
    ],
    "currentTab": 0
  },
  "right": {
    "id": "2ca793935ec8a4f8",
    "type": "mobile-drawer",
    "children": [
      {
        "id": "1e64ab2590bfbd81",
        "type": "leaf",
        "state": {
          "type": "backlink",
          "state": {
            "file": "TEMPLATES FOLDER/other templates/assignments.md",
            "collapseAll": false,
            "extraContext": false,
            "sortOrder": "alphabetical",
            "showSearch": false,
            "searchQuery": "",
            "backlinkCollapsed": false,
            "unlinkedCollapsed": true
          },
          "icon": "links-coming-in",
          "title": "Backlinks"
        }
      },
      {
        "id": "c8cdab68e5d27cae",
        "type": "leaf",
        "state": {
          "type": "outgoing-link",
          "state": {
            "file": "TEMPLATES FOLDER/other templates/assignments.md",
            "linksCollapsed": false,
            "unlinkedCollapsed": true
          },
          "icon": "links-going-out",
          "title": "Outgoing links"
        }
      },
      {
        "id": "9bd5f9d856de2ba5",
        "type": "leaf",
        "state": {
          "type": "outline",
          "state": {
            "file": "TEMPLATES FOLDER/other templates/assignments.md",
            "followCursor": false,
            "showSearch": false,
            "searchQuery": ""
          },
          "icon": "lucide-list",
          "title": "Outline"
        }
      }
    ],
    "currentTab": 0
  },
  "left-ribbon": {
    "hiddenItems": {
      "switcher:Open quick switcher": false,
      "graph:Open graph view": false,
      "canvas:Create new canvas": false,
      "daily-notes:Open today's daily note": false,
      "templates:Insert template": false,
      "command-palette:Open command palette": false,
      "bases:Create new base": false
    }
  },
  "active": "44eb3abf1759812e",
  "lastOpenFiles": [
    "test file.md",
    "TEMPLATES FOLDER/other templates/assignments.md",
    "TEMPLATES FOLDER/other templates/3monthtemplate.md",
    "1.DAILY/README.md"
  ]
}